Pollutant:,NOX,Unit: grams,,,,,,,,,,,,,,,,,,,,,,,,,,,,,,,,,,
,2015.0,2016.0,2017.0,2018.0,2019.0,2020.0,2021.0,2022.0,2023.0,2024.0,2025.0,2026.0,2027.0,2028.0,2029.0,2030.0,2031.0,2032.0,2033.0,2034.0,2035.0,2036.0,2037.0,2038.0,2039.0,2040.0,2041.0,2042.0,2043.0,2044.0,2045.0,2046.0,2047.0,2048.0,2049.0,2050.0
agriculture and forestry 01T03,0.0,0.0,0.0,0.0,0.0,69513.78446115289,69991.64578111947,70471.17794486215,74521.43482064742,76092.98878110516,76896.15891074482,77523.27282484234,78134.46234326717,78684.6101224336,79295.45750655883,79887.63016597524,79745.77943483509,79795.60014792939,79455.71303547693,79308.61218755247,79139.4216880933,79074.16023236445,78982.62539146596,78986.54099029551,78985.88879338866,78984.71896727383,78952.58616973748,79067.02079042885,79148.42567909803,79265.4023500773,79475.9920715147,80152.31517265427,80838.31129803338,81545.89156605878,82158.00742437798,82785.96482671617
coal mining 05,0.0,0.0,0.0,0.0,0.0,0.0,0.0,0.0,0.0,0.0,0.0,0.0,0.0,0.0,0.0,0.0,0.0,0.0,0.0,0.0,0.0,0.0,0.0,0.0,0.0,0.0,0.0,0.0,0.0,0.0,0.0,0.0,0.0,0.0,0.0,0.0
oil and gas extraction 06,0.0,0.0,0.0,0.0,0.0,72763228.93428063,74078473.10834813,70188776.89954527,70418757.2861842,76198520.06662463,77515568.6698708,74824457.10099559,76309150.96814843,78704096.58731252,80401074.26251441,82590732.86644112,84150548.34587704,85435535.65628278,86041197.40878318,86278558.34389237,86887274.22253713,86778767.9628473,86980158.75609061,87308932.38944462,87385908.07193449,88829236.1326064,89157500.64622062,89944161.74011663,90159044.6271879,90551714.89455956,91214932.33366159,91946165.37964946,92281946.40484127,91907410.79339075,92328174.35065101,93159047.86358242
other mining and quarrying 07T08,0.0,0.0,0.0,0.0,0.0,0.0,0.0,0.0,0.0,0.0,0.0,0.0,0.0,0.0,0.0,0.0,0.0,0.0,0.0,0.0,0.0,0.0,0.0,0.0,0.0,0.0,0.0,0.0,0.0,0.0,0.0,0.0,0.0,0.0,0.0,0.0
food beverage and tobacco 10T12,0.0,0.0,0.0,0.0,0.0,0.0,0.0,0.0,0.0,0.0,0.0,0.0,0.0,0.0,0.0,0.0,0.0,0.0,0.0,0.0,0.0,0.0,0.0,0.0,0.0,0.0,0.0,0.0,0.0,0.0,0.0,0.0,0.0,0.0,0.0,0.0
textiles apparel and leather 13T15,0.0,0.0,0.0,0.0,0.0,0.0,0.0,0.0,0.0,0.0,0.0,0.0,0.0,0.0,0.0,0.0,0.0,0.0,0.0,0.0,0.0,0.0,0.0,0.0,0.0,0.0,0.0,0.0,0.0,0.0,0.0,0.0,0.0,0.0,0.0,0.0
wood products 16,0.0,0.0,0.0,0.0,0.0,0.0,0.0,0.0,0.0,0.0,0.0,0.0,0.0,0.0,0.0,0.0,0.0,0.0,0.0,0.0,0.0,0.0,0.0,0.0,0.0,0.0,0.0,0.0,0.0,0.0,0.0,0.0,0.0,0.0,0.0,0.0
pulp paper and printing 17T18,0.0,0.0,0.0,0.0,0.0,2137174390.2439024,2168027412.5132556,2296950853.731803,2380209038.597693,2356209935.5441074,2354193114.0978284,2363312021.116072,2361439856.3531165,2371400119.50887,2387467493.6410384,2399764766.5370755,2423771489.435045,2446927672.358798,2460807813.5028343,2478664273.7392926,2495793142.6877265,2500723597.639936,2510354949.3351564,2534436585.8720074,2535822568.454991,2558896409.4863834,2591313884.965176,2615999230.352218,2634642361.501025,2644502607.861712,2652935526.039687,2662205101.928731,2661744892.1113577,2665532246.752417,2672997357.6608167,2681653051.0669956
refined petroleum and coke 19,0.0,0.0,0.0,0.0,0.0,81607441.2684234,81840331.39794551,82091553.71900827,75935490.05259547,99354561.23716183,104412745.4662904,110329053.16050218,114882946.2933673,114127722.20737448,111735115.75625609,111097939.17394072,109530473.69845495,112321716.00617898,112963749.79801759,112767376.41381225,114761279.03218132,114953814.41891983,116284083.48816933,115005544.23649655,115099523.0787312,115293432.67299406,114142870.0548313,115180600.79817317,114711430.22622283,115463067.81861226,115826513.20328009,124333822.56760472,124283269.36469728,118981073.36437808,115740494.63312453,116916663.74876767
chemicals 20,0.0,0.0,0.0,0.0,0.0,1444498996.0388908,173751029.34241968,127157303.42051479,142234912.19221175,254379320.2687803,136621572.3272047,63107465.965501264,110649417.5624668,159316858.82268357,203093377.62440202,236532467.1073197,260634663.67928728,280193490.57510155,322080703.68406236,358626282.8007161,387121491.76056767,428497187.4907199,466359658.2956868,494706686.9150859,520362755.7366602,543884646.9336007,565580981.4775678,607926176.6424527,658089690.5683657,696614553.8095517,742813712.0211008,759422436.0542897,774058273.7702881,783896712.7781665,807763529.6412748,840011761.0822295
rubber and plastic products 22,0.0,0.0,0.0,0.0,0.0,0.0,0.0,0.0,0.0,0.0,0.0,0.0,0.0,0.0,0.0,0.0,0.0,0.0,0.0,0.0,0.0,0.0,0.0,0.0,0.0,0.0,0.0,0.0,0.0,0.0,0.0,0.0,0.0,0.0,0.0,0.0
glass and glass products 231,0.0,0.0,0.0,0.0,0.0,0.0,0.0,0.0,0.0,0.0,0.0,0.0,0.0,0.0,0.0,0.0,0.0,0.0,0.0,0.0,0.0,0.0,0.0,0.0,0.0,0.0,0.0,0.0,0.0,0.0,0.0,0.0,0.0,0.0,0.0,0.0
cement and other nonmetallic minerals 239,0.0,0.0,0.0,0.0,0.0,11782862740.410734,12331307345.430838,11758103799.603174,12256260760.11846,13944919065.655457,12691644239.251339,11749573279.30879,11165802888.657455,10689946861.124966,10546791798.9204,10383090263.274904,10237944018.524807,10107979936.089455,8385325409.66705,8064790763.714706,7708879229.28376,7368778462.480526,7157310587.169169,6978188635.008707,6688544918.919127,6502039224.795051,6299601099.358525,6124793594.176323,5993778678.803025,5896798664.398885,5744537291.511876,5646786920.921195,5559131367.029376,5465804637.92828,5399783853.772665,5350624471.917788
iron and steel 241,0.0,0.0,0.0,0.0,0.0,615740564.4457375,622847055.5717195,734696416.694944,715149053.0799475,693283439.4911964,646977405.5024352,582050306.3554374,557815600.914122,565563197.516571,567392709.3207449,560845282.9018939,548749820.9314529,528363709.8031609,528365827.3810554,537355194.3690513,539820335.7795547,545488155.5234181,551508635.9663053,556669357.1410456,563350640.4731609,568158824.3866184,569812814.0599802,575473238.9769044,586055176.0013448,592197318.5197486,594062081.5388942,592316538.5851616,585359377.9438416,577338271.4464066,577667522.3839117,583067707.6822321
other metals 242,0.0,0.0,0.0,0.0,0.0,130597575.75757575,134575434.34343433,136456090.05235603,148228351.89309576,153178425.8448795,151476679.78802967,150801796.69739184,154098101.0434045,159693523.85084057,164289354.33351672,168166545.95527887,170388826.5149029,170739255.34046432,170646720.77444893,171071314.26552436,172111075.82311004,173735249.56385836,175488798.12154582,176857281.3610496,177872416.45678502,179636838.76651695,180979535.78033262,182034210.643561,183757856.4073609,185568252.8936475,186474953.08476648,186775669.09902272,187008374.07871267,187455292.1178338,187934018.3797013,187886353.38937
metal products except machinery and vehicles 25,0.0,0.0,0.0,0.0,0.0,0.0,0.0,0.0,0.0,0.0,0.0,0.0,0.0,0.0,0.0,0.0,0.0,0.0,0.0,0.0,0.0,0.0,0.0,0.0,0.0,0.0,0.0,0.0,0.0,0.0,0.0,0.0,0.0,0.0,0.0,0.0
computers and electronics 26,0.0,0.0,0.0,0.0,0.0,0.0,0.0,0.0,0.0,0.0,0.0,0.0,0.0,0.0,0.0,0.0,0.0,0.0,0.0,0.0,0.0,0.0,0.0,0.0,0.0,0.0,0.0,0.0,0.0,0.0,0.0,0.0,0.0,0.0,0.0,0.0
appliances and electrical equipment 27,0.0,0.0,0.0,0.0,0.0,0.0,0.0,0.0,0.0,0.0,0.0,0.0,0.0,0.0,0.0,0.0,0.0,0.0,0.0,0.0,0.0,0.0,0.0,0.0,0.0,0.0,0.0,0.0,0.0,0.0,0.0,0.0,0.0,0.0,0.0,0.0
other machinery 28,0.0,0.0,0.0,0.0,0.0,0.0,0.0,0.0,0.0,0.0,0.0,0.0,0.0,0.0,0.0,0.0,0.0,0.0,0.0,0.0,0.0,0.0,0.0,0.0,0.0,0.0,0.0,0.0,0.0,0.0,0.0,0.0,0.0,0.0,0.0,0.0
road vehicles 29,0.0,0.0,0.0,0.0,0.0,0.0,0.0,0.0,0.0,0.0,0.0,0.0,0.0,0.0,0.0,0.0,0.0,0.0,0.0,0.0,0.0,0.0,0.0,0.0,0.0,0.0,0.0,0.0,0.0,0.0,0.0,0.0,0.0,0.0,0.0,0.0
nonroad vehicles 30,0.0,0.0,0.0,0.0,0.0,0.0,0.0,0.0,0.0,0.0,0.0,0.0,0.0,0.0,0.0,0.0,0.0,0.0,0.0,0.0,0.0,0.0,0.0,0.0,0.0,0.0,0.0,0.0,0.0,0.0,0.0,0.0,0.0,0.0,0.0,0.0
other manufacturing 31T33,0.0,0.0,0.0,0.0,0.0,948362151.2287335,956271380.5923125,1039779416.3062788,1130507711.8536544,1112087902.182099,1081983853.3547308,1066691818.8596039,1064496932.18784,1068315836.0955788,1084308125.6198716,1103909350.1718829,1123005412.9390697,1155267000.3341322,1182895182.9897428,1211467666.2557464,1235836962.9513948,1250478049.5713525,1269293210.4922578,1296849633.0439618,1313737487.6569462,1339139392.8486934,1363903924.2435699,1384862379.177365,1401482810.2493021,1417808188.0556526,1436685577.88843,1469437174.404702,1489824985.1578853,1507512744.207459,1527052236.4616697,1547032286.2537947
energy pipelines and gas processing 352T353,0.0,0.0,0.0,0.0,0.0,43461792.18303146,43296167.77883699,49952408.082146406,54623965.811965816,62729453.58816437,63892656.12866437,64257497.35318091,68464785.09493887,73753718.5696817,74583321.07248823,75778431.77161206,74898314.18968706,73343259.72104637,70710390.4995706,68950394.75623494,68232092.73885949,68159797.8044632,68219091.91786698,67379036.28923815,67686349.03892682,67358245.13624126,66668762.96416494,66604442.739728,66983681.30218755,67306500.55937512,67673774.64030357,67901454.58533934,67448743.71930052,67169330.77022733,67501023.86404224,68254409.25469376
water and waste 36T39,0.0,0.0,0.0,0.0,0.0,0.0,0.0,0.0,0.0,0.0,0.0,0.0,0.0,0.0,0.0,0.0,0.0,0.0,0.0,0.0,0.0,0.0,0.0,0.0,0.0,0.0,0.0,0.0,0.0,0.0,0.0,0.0,0.0,0.0,0.0,0.0
construction 41T43,0.0,0.0,0.0,0.0,0.0,0.0,0.0,0.0,0.0,0.0,0.0,0.0,0.0,0.0,0.0,0.0,0.0,0.0,0.0,0.0,0.0,0.0,0.0,0.0,0.0,0.0,0.0,0.0,0.0,0.0,0.0,0.0,0.0,0.0,0.0,0.0
