Pollutant:,VOC,Unit: grams of VOC,,,,,,,,,,,,,,,,,,,,,,,,,,,,,,,,,,
,2015.0,2016.0,2017.0,2018.0,2019.0,2020.0,2021.0,2022.0,2023.0,2024.0,2025.0,2026.0,2027.0,2028.0,2029.0,2030.0,2031.0,2032.0,2033.0,2034.0,2035.0,2036.0,2037.0,2038.0,2039.0,2040.0,2041.0,2042.0,2043.0,2044.0,2045.0,2046.0,2047.0,2048.0,2049.0,2050.0
agriculture and forestry 01T03,0.0,0.0,0.0,0.0,0.0,7499390365.914787,7550943717.627402,7602677325.814536,8039633213.473316,8209177955.166361,8295826759.847337,8363482003.798876,8429419268.209862,8488771136.143565,8554671489.908837,8618557149.010988,8603253795.65803,8608628628.559143,8571960417.262875,8556090662.93582,8537837799.687408,8530797165.428289,8520922066.420218,8521344494.926546,8521274133.641547,8521147928.705888,8517681330.042873,8530026937.444227,8538809181.750973,8551429034.434566,8574148190.647253,8647112293.929047,8721119956.921387,8797456192.766901,8863493393.96788,8931239636.383036
coal mining 05,0.0,0.0,0.0,0.0,0.0,0.0,0.0,0.0,0.0,0.0,0.0,0.0,0.0,0.0,0.0,0.0,0.0,0.0,0.0,0.0,0.0,0.0,0.0,0.0,0.0,0.0,0.0,0.0,0.0,0.0,0.0,0.0,0.0,0.0,0.0,0.0
oil and gas extraction 06,0.0,0.0,0.0,0.0,0.0,322345556.09680283,328172168.259325,310940576.0686234,311959403.2524671,337564105.99664295,343398711.8908282,331476922.98875624,338054207.6591928,348663963.28353864,356181678.21192455,365881999.7985657,372792077.8076283,378484650.2129045,381167768.8330614,382219292.29819703,384915940.8840359,384435251.51480395,385327425.05069,386783912.36201024,387124919.34509146,393518950.96190727,394973182.8416304,398458139.6183654,399410083.95540446,401149637.2648504,404087731.09811795,407327138.231331,408814668.71723014,407155453.0430588,409019461.34556055,412700281.843698
other mining and quarrying 07T08,0.0,0.0,0.0,0.0,0.0,0.0,0.0,0.0,0.0,0.0,0.0,0.0,0.0,0.0,0.0,0.0,0.0,0.0,0.0,0.0,0.0,0.0,0.0,0.0,0.0,0.0,0.0,0.0,0.0,0.0,0.0,0.0,0.0,0.0,0.0,0.0
food beverage and tobacco 10T12,0.0,0.0,0.0,0.0,0.0,0.0,0.0,0.0,0.0,0.0,0.0,0.0,0.0,0.0,0.0,0.0,0.0,0.0,0.0,0.0,0.0,0.0,0.0,0.0,0.0,0.0,0.0,0.0,0.0,0.0,0.0,0.0,0.0,0.0,0.0,0.0
textiles apparel and leather 13T15,0.0,0.0,0.0,0.0,0.0,0.0,0.0,0.0,0.0,0.0,0.0,0.0,0.0,0.0,0.0,0.0,0.0,0.0,0.0,0.0,0.0,0.0,0.0,0.0,0.0,0.0,0.0,0.0,0.0,0.0,0.0,0.0,0.0,0.0,0.0,0.0
wood products 16,0.0,0.0,0.0,0.0,0.0,0.0,0.0,0.0,0.0,0.0,0.0,0.0,0.0,0.0,0.0,0.0,0.0,0.0,0.0,0.0,0.0,0.0,0.0,0.0,0.0,0.0,0.0,0.0,0.0,0.0,0.0,0.0,0.0,0.0,0.0,0.0
pulp paper and printing 17T18,0.0,0.0,0.0,0.0,0.0,3971527560.97561,4028861968.893602,4268441388.5201154,4423160712.025552,4378562994.754044,4374815119.991914,4391760854.84362,4388281796.705592,4406791030.120618,4436649154.703112,4459501271.242781,4504113148.5295515,4547144460.85881,4572938033.603931,4606120830.615862,4637951539.156818,4647113841.409847,4665011856.1350975,4709762946.01157,4712338528.0756645,4755216823.834806,4815458467.15086,4861331433.813936,4895976107.41585,4914299478.853504,4929970435.381977,4947196159.351884,4946340947.918566,4953379018.096095,4967251490.9526825,4983336432.396356
refined petroleum and coke 19,0.0,0.0,0.0,0.0,0.0,222501532.60384098,223136504.2429656,223821458.34264016,207037037.96021035,270888803.8008419,284679871.44958544,300810600.57008505,313226725.68842834,311167617.91613543,304644210.31975406,302906957.3940298,298633284.97913265,306243567.59165215,307994063.6303366,307458654.38003814,312895001.6242887,313419946.6288611,317046906.40217316,313560987.24370253,313817219.22579306,314345910.98771405,311208918.30764896,314038276.47934085,312759089.56097883,314808418.80926657,315799347.5021587,338994405.97325003,338856573.38163704,324400211.09530383,315564819.08913004,318771627.52184546
chemicals 20,0.0,0.0,0.0,0.0,0.0,12681777050.774216,12745704854.42131,12095942777.094906,13149403245.159197,14246362461.154339,13096705375.280497,12281131804.431173,12602624033.775541,12977653113.16088,13366880766.375359,13739451548.026207,14007466119.531857,14278378422.24588,14615909054.035059,14882358978.107727,15125336573.561443,15445413940.89008,15754533794.384493,16012470686.060345,16179867004.22274,16395889570.408306,16635074103.774454,17095681427.1837,17536553604.280632,17875039615.56544,18248257093.479366,18435177878.11024,18489738272.707924,18550215653.6439,18803916157.799583,19124074096.231865
rubber and plastic products 22,0.0,0.0,0.0,0.0,0.0,0.0,0.0,0.0,0.0,0.0,0.0,0.0,0.0,0.0,0.0,0.0,0.0,0.0,0.0,0.0,0.0,0.0,0.0,0.0,0.0,0.0,0.0,0.0,0.0,0.0,0.0,0.0,0.0,0.0,0.0,0.0
glass and glass products 231,0.0,0.0,0.0,0.0,0.0,0.0,0.0,0.0,0.0,0.0,0.0,0.0,0.0,0.0,0.0,0.0,0.0,0.0,0.0,0.0,0.0,0.0,0.0,0.0,0.0,0.0,0.0,0.0,0.0,0.0,0.0,0.0,0.0,0.0,0.0,0.0
cement and other nonmetallic minerals 239,0.0,0.0,0.0,0.0,0.0,605546104.5311311,633731826.5782897,604273690.4761904,629875024.6791707,716658727.5305225,652250297.6136441,603835289.0921047,573834100.6044244,549378858.2632141,542021818.4527966,533608852.1474252,526149481.2770251,519470353.667587,430939513.5050849,414466563.72200525,396175521.2155689,378697027.3195627,367829248.3299039,358623794.378991,343738394.4686249,334153474.4845895,323749753.3374144,314766027.89327,308032895.76845247,303048888.80566293,295223856.5317934,290200259.3439339,285695456.0232886,280899199.0778536,277506252.08828956,274979848.0352843
iron and steel 241,0.0,0.0,0.0,0.0,0.0,127950584.81233634,129427310.15420425,152669552.08686802,148607619.59370902,144063955.90236259,134441584.93751433,120949765.84077364,115913806.033964,117523752.77681948,117903924.42504579,116543372.452866,114029941.43653138,109793717.62486452,109794157.65650389,111662143.6714291,112174398.83753616,113352168.9776129,114603221.83655861,115675617.14472838,117063984.51729311,118063122.75689565,118406820.9931337,119583054.49182925,121781975.77281255,123058309.95088948,123445806.78415549,123083083.8215289,121637389.28053088,119970607.31674597,120039025.49874717,121161181.33338356
other metals 242,0.0,0.0,0.0,0.0,0.0,105053668.26156299,108253487.5066454,109766301.04712042,119235996.65924276,123217873.2276578,121848975.95154315,121306094.93780339,123957666.8467489,128458666.86903659,132155587.33722101,135274429.32227594,137062048.45180887,137343936.02419496,137269500.52610457,137611046.71100655,138447438.69690767,139753936.22084668,141164503.8166939,142265321.9860235,143081904.26153234,144501218.78498074,145581294.32119915,146429682.68187657,147816196.24631518,149272492.7417822,150001849.1677185,150243747.38228625,150430937.01116985,150790441.2297557,151175532.220998,151137190.14571136
metal products except machinery and vehicles 25,0.0,0.0,0.0,0.0,0.0,0.0,0.0,0.0,0.0,0.0,0.0,0.0,0.0,0.0,0.0,0.0,0.0,0.0,0.0,0.0,0.0,0.0,0.0,0.0,0.0,0.0,0.0,0.0,0.0,0.0,0.0,0.0,0.0,0.0,0.0,0.0
computers and electronics 26,0.0,0.0,0.0,0.0,0.0,0.0,0.0,0.0,0.0,0.0,0.0,0.0,0.0,0.0,0.0,0.0,0.0,0.0,0.0,0.0,0.0,0.0,0.0,0.0,0.0,0.0,0.0,0.0,0.0,0.0,0.0,0.0,0.0,0.0,0.0,0.0
appliances and electrical equipment 27,0.0,0.0,0.0,0.0,0.0,0.0,0.0,0.0,0.0,0.0,0.0,0.0,0.0,0.0,0.0,0.0,0.0,0.0,0.0,0.0,0.0,0.0,0.0,0.0,0.0,0.0,0.0,0.0,0.0,0.0,0.0,0.0,0.0,0.0,0.0,0.0
other machinery 28,0.0,0.0,0.0,0.0,0.0,0.0,0.0,0.0,0.0,0.0,0.0,0.0,0.0,0.0,0.0,0.0,0.0,0.0,0.0,0.0,0.0,0.0,0.0,0.0,0.0,0.0,0.0,0.0,0.0,0.0,0.0,0.0,0.0,0.0,0.0,0.0
road vehicles 29,0.0,0.0,0.0,0.0,0.0,0.0,0.0,0.0,0.0,0.0,0.0,0.0,0.0,0.0,0.0,0.0,0.0,0.0,0.0,0.0,0.0,0.0,0.0,0.0,0.0,0.0,0.0,0.0,0.0,0.0,0.0,0.0,0.0,0.0,0.0,0.0
nonroad vehicles 30,0.0,0.0,0.0,0.0,0.0,0.0,0.0,0.0,0.0,0.0,0.0,0.0,0.0,0.0,0.0,0.0,0.0,0.0,0.0,0.0,0.0,0.0,0.0,0.0,0.0,0.0,0.0,0.0,0.0,0.0,0.0,0.0,0.0,0.0,0.0,0.0
other manufacturing 31T33,0.0,0.0,0.0,0.0,0.0,1389222043.478261,1400807992.753623,1523135949.2954402,1656040608.1099231,1629058082.922426,1584959730.6476748,1562558972.2636158,1559343760.708199,1564937937.451421,1588364474.5649583,1617077612.4643786,1645050756.8011158,1692309610.719688,1732781154.5457351,1774635970.8082957,1810333688.2992294,1831780896.2530334,1859342557.4486496,1899708982.446347,1924447401.061026,1961657750.0748482,1997934432.8437636,2028635729.3406236,2052982408.7049682,2076896875.0165024,2104549693.1356666,2152526344.01799,2182391724.1155486,2208301894.338563,2236924602.7867575,2266192668.3301263
energy pipelines and gas processing 352T353,0.0,0.0,0.0,0.0,0.0,4023958083.8894186,4008623565.3002863,4624898933.421663,5057420271.062271,5807875818.858002,5915572212.194332,5949351440.362072,6338887827.826225,6828569581.427586,6905379246.4207945,7016029891.903375,6934543232.456711,6790566795.092534,6546799687.124139,6383848535.243854,6317343748.756463,6310650242.320667,6316140053.370185,6238362574.164952,6266815464.882946,6236437602.276471,6172601133.031486,6166645973.93472,6201758195.554689,6231646773.414628,6265651250.283213,6286731249.734406,6244816513.65105,6218946756.8211565,6249656928.656819,6319409948.049791
water and waste 36T39,0.0,0.0,0.0,0.0,0.0,0.0,0.0,0.0,0.0,0.0,0.0,0.0,0.0,0.0,0.0,0.0,0.0,0.0,0.0,0.0,0.0,0.0,0.0,0.0,0.0,0.0,0.0,0.0,0.0,0.0,0.0,0.0,0.0,0.0,0.0,0.0
construction 41T43,0.0,0.0,0.0,0.0,0.0,0.0,0.0,0.0,0.0,0.0,0.0,0.0,0.0,0.0,0.0,0.0,0.0,0.0,0.0,0.0,0.0,0.0,0.0,0.0,0.0,0.0,0.0,0.0,0.0,0.0,0.0,0.0,0.0,0.0,0.0,0.0
