Pollutant:,CO,Unit: grams,,,,,,,,,,,,,,,,,,,,,,,,,,,,,,,,,,
,2015.0,2016.0,2017.0,2018.0,2019.0,2020.0,2021.0,2022.0,2023.0,2024.0,2025.0,2026.0,2027.0,2028.0,2029.0,2030.0,2031.0,2032.0,2033.0,2034.0,2035.0,2036.0,2037.0,2038.0,2039.0,2040.0,2041.0,2042.0,2043.0,2044.0,2045.0,2046.0,2047.0,2048.0,2049.0,2050.0
agriculture and forestry 01T03,0.0,0.0,0.0,0.0,0.0,139027.56892230577,139983.29156223894,140942.3558897243,149042.86964129485,152185.97756221035,153792.3178214896,155046.54564968465,156268.92468653433,157369.22024486723,158590.91501311763,159775.26033195047,159491.55886967017,159591.2002958588,158911.42607095386,158617.22437510497,158278.8433761865,158148.3204647289,157965.25078293195,157973.08198059106,157971.77758677735,157969.43793454766,157905.17233947493,158134.04158085768,158296.85135819606,158530.80470015467,158951.98414302937,160304.63034530857,161676.62259606677,163091.78313211756,164316.01484875596,165571.92965343234
coal mining 05,0.0,0.0,0.0,0.0,0.0,0.0,0.0,0.0,0.0,0.0,0.0,0.0,0.0,0.0,0.0,0.0,0.0,0.0,0.0,0.0,0.0,0.0,0.0,0.0,0.0,0.0,0.0,0.0,0.0,0.0,0.0,0.0,0.0,0.0,0.0,0.0
oil and gas extraction 06,0.0,0.0,0.0,0.0,0.0,79975644.4982238,81421257.92184725,77146008.37949567,77398784.81496711,83751447.55661182,85199044.26751687,82241185.12231855,83873044.38210146,86505381.10267007,88370566.10423103,90777267.40989032,92491694.46450695,93904051.91245033,94569747.89259836,94830636.4491137,95499689.28560734,95380427.70008008,95601780.69281477,95963142.9303985,96047748.57404548,97634141.77793786,97994944.4309634,98859580.71645363,99095763.162407,99527355.57753612,100256312.26227248,101060026.37705013,101429090.59112237,101017430.36999136,101479900.72989869,102393131.84493358
other mining and quarrying 07T08,0.0,0.0,0.0,0.0,0.0,0.0,0.0,0.0,0.0,0.0,0.0,0.0,0.0,0.0,0.0,0.0,0.0,0.0,0.0,0.0,0.0,0.0,0.0,0.0,0.0,0.0,0.0,0.0,0.0,0.0,0.0,0.0,0.0,0.0,0.0,0.0
food beverage and tobacco 10T12,0.0,0.0,0.0,0.0,0.0,0.0,0.0,0.0,0.0,0.0,0.0,0.0,0.0,0.0,0.0,0.0,0.0,0.0,0.0,0.0,0.0,0.0,0.0,0.0,0.0,0.0,0.0,0.0,0.0,0.0,0.0,0.0,0.0,0.0,0.0,0.0
textiles apparel and leather 13T15,0.0,0.0,0.0,0.0,0.0,0.0,0.0,0.0,0.0,0.0,0.0,0.0,0.0,0.0,0.0,0.0,0.0,0.0,0.0,0.0,0.0,0.0,0.0,0.0,0.0,0.0,0.0,0.0,0.0,0.0,0.0,0.0,0.0,0.0,0.0,0.0
wood products 16,0.0,0.0,0.0,0.0,0.0,0.0,0.0,0.0,0.0,0.0,0.0,0.0,0.0,0.0,0.0,0.0,0.0,0.0,0.0,0.0,0.0,0.0,0.0,0.0,0.0,0.0,0.0,0.0,0.0,0.0,0.0,0.0,0.0,0.0,0.0,0.0
pulp paper and printing 17T18,0.0,0.0,0.0,0.0,0.0,2757892073.1707315,2797706000.353482,2964073769.9681773,3071513335.5536585,3040543969.4706516,3037941385.467641,3049708773.9860497,3047292860.5336924,3060145967.3879313,3080879925.252136,3096748799.405044,3127727998.428461,3157609627.939763,3175521096.189791,3198563759.608287,3220667511.2304807,3227029960.028247,3239458626.8770657,3270534497.342826,3272323022.601509,3302098394.9663334,3343931152.771824,3375786072.369019,3399843886.204467,3412567927.537636,3423450089.6592193,3435411907.086356,3434818034.6288157,3439705382.797756,3449338649.1767645,3460508289.025375
refined petroleum and coke 19,0.0,0.0,0.0,0.0,0.0,67558339.66056275,67751136.66815542,67959109.895019,62862841.29887948,82250210.15924858,86437604.38342449,91335392.11612989,95105311.30813187,94480102.57068941,92499394.47855549,91971910.81649302,90674291.83281769,92985008.75972027,93516513.44003397,93353946.64974824,95004589.63338,95163979.15536208,96265236.20035014,95206803.4435901,95284603.3898439,95445130.54311614,94492642.64556137,95351723.2017609,94963322.53184766,95585562.20728692,95886438.77398,102929175.155606,102887324.9223446,98497926.69138886,95815228.70184249,96788914.81891513
chemicals 20,0.0,0.0,0.0,0.0,0.0,3365897292.401872,2683858471.517677,2526398913.011237,2748617698.5443935,3032761431.23374,2734843877.8072934,2528981892.4567084,2620283977.250239,2723075704.434279,2826076312.985761,2920039725.086774,2987659616.4670844,3053383124.1558924,3144850022.813099,3218957901.8271427,3283895156.940138,3371537289.302592,3455032275.981045,3522926922.97294,3570959746.2477055,3627701957.6589127,3688150210.7160892,3804866157.9591007,3921849781.602536,4011671725.840442,4112745488.2056284,4159795639.1046214,4178882532.894809,4196547356.2654696,4261131126.0809913,4343797444.344089
rubber and plastic products 22,0.0,0.0,0.0,0.0,0.0,0.0,0.0,0.0,0.0,0.0,0.0,0.0,0.0,0.0,0.0,0.0,0.0,0.0,0.0,0.0,0.0,0.0,0.0,0.0,0.0,0.0,0.0,0.0,0.0,0.0,0.0,0.0,0.0,0.0,0.0,0.0
glass and glass products 231,0.0,0.0,0.0,0.0,0.0,0.0,0.0,0.0,0.0,0.0,0.0,0.0,0.0,0.0,0.0,0.0,0.0,0.0,0.0,0.0,0.0,0.0,0.0,0.0,0.0,0.0,0.0,0.0,0.0,0.0,0.0,0.0,0.0,0.0,0.0,0.0
cement and other nonmetallic minerals 239,0.0,0.0,0.0,0.0,0.0,9989523155.492773,10454495055.960014,9968532500.0,10390870483.711746,11822516732.719053,10759989045.315674,9961300316.116798,9466379178.242352,9062947948.460335,8941580939.421522,8802794609.057854,8679739473.408081,8569555790.590673,7109087510.535744,6837337907.877894,6535595742.766246,6247257962.718124,6067975280.435769,5916115505.083617,5670555264.549152,5512435545.162624,5340808294.115464,5192606311.350903,5081531731.287445,4999311975.286419,4870224626.680943,4787351761.912293,4713037293.128167,4633914796.166167,4577942307.425852,4536264932.905927
iron and steel 241,0.0,0.0,0.0,0.0,0.0,2761255276.112889,2793123951.411114,3294706365.1170683,3207047269.65924,3108992107.5119586,2901335201.2588744,2610173134.904301,2501493908.4104114,2536237586.561556,2544441933.3492875,2515080353.5087786,2460838908.14783,2369418494.806879,2369427990.970477,2409740321.2891107,2420795114.686138,2446212145.9416428,2473210665.0381093,2496353640.1726537,2526315494.1047816,2547877534.9482446,2555294762.2285643,2580678631.782404,2628132756.3397684,2655676862.4371905,2664039291.3928833,2656211498.3758454,2625012487.563715,2589042269.073655,2590518777.104549,2614735616.1565566
other metals 242,0.0,0.0,0.0,0.0,0.0,1843093604.4657097,1899232209.4630516,1925773471.7277486,2091912700.4454343,2161771957.703782,2137755606.2852309,2128231136.1647007,2174751122.6442823,2253718040.145189,2318577940.650177,2373295855.894047,2404658391.2474947,2409603912.8122396,2408297993.725876,2414290184.1885166,2428964100.345375,2451885691.4756055,2476633119.6958127,2495946209.48264,2510272578.0370736,2535173465.023523,2554122639.727137,2569007023.942779,2593332440.8978453,2618882150.8833957,2631678202.523138,2635922138.5948534,2639206250.549504,2645513502.2335134,2652269656.0627055,2651596970.996947
metal products except machinery and vehicles 25,0.0,0.0,0.0,0.0,0.0,0.0,0.0,0.0,0.0,0.0,0.0,0.0,0.0,0.0,0.0,0.0,0.0,0.0,0.0,0.0,0.0,0.0,0.0,0.0,0.0,0.0,0.0,0.0,0.0,0.0,0.0,0.0,0.0,0.0,0.0,0.0
computers and electronics 26,0.0,0.0,0.0,0.0,0.0,0.0,0.0,0.0,0.0,0.0,0.0,0.0,0.0,0.0,0.0,0.0,0.0,0.0,0.0,0.0,0.0,0.0,0.0,0.0,0.0,0.0,0.0,0.0,0.0,0.0,0.0,0.0,0.0,0.0,0.0,0.0
appliances and electrical equipment 27,0.0,0.0,0.0,0.0,0.0,0.0,0.0,0.0,0.0,0.0,0.0,0.0,0.0,0.0,0.0,0.0,0.0,0.0,0.0,0.0,0.0,0.0,0.0,0.0,0.0,0.0,0.0,0.0,0.0,0.0,0.0,0.0,0.0,0.0,0.0,0.0
other machinery 28,0.0,0.0,0.0,0.0,0.0,0.0,0.0,0.0,0.0,0.0,0.0,0.0,0.0,0.0,0.0,0.0,0.0,0.0,0.0,0.0,0.0,0.0,0.0,0.0,0.0,0.0,0.0,0.0,0.0,0.0,0.0,0.0,0.0,0.0,0.0,0.0
road vehicles 29,0.0,0.0,0.0,0.0,0.0,0.0,0.0,0.0,0.0,0.0,0.0,0.0,0.0,0.0,0.0,0.0,0.0,0.0,0.0,0.0,0.0,0.0,0.0,0.0,0.0,0.0,0.0,0.0,0.0,0.0,0.0,0.0,0.0,0.0,0.0,0.0
nonroad vehicles 30,0.0,0.0,0.0,0.0,0.0,0.0,0.0,0.0,0.0,0.0,0.0,0.0,0.0,0.0,0.0,0.0,0.0,0.0,0.0,0.0,0.0,0.0,0.0,0.0,0.0,0.0,0.0,0.0,0.0,0.0,0.0,0.0,0.0,0.0,0.0,0.0
other manufacturing 31T33,0.0,0.0,0.0,0.0,0.0,925193177.6937618,932909180.5293006,1014377072.1201516,1102888828.8951955,1084919024.616882,1055550433.13529,1040631990.8823822,1038490726.417224,1042216332.5447253,1057817922.2374487,1076940278.8250327,1095569814.9891684,1127043235.2651782,1153996447.2548487,1181870890.1069021,1205644832.391289,1219928229.7593277,1238283726.6532915,1265166931.675182,1281642207.3423667,1306423530.9679239,1330583052.1652179,1351029481.3005712,1367243866.7209113,1383170407.1782036,1401586612.699821,1433538070.9230042,1453427797.0076194,1470683435.0359347,1489745567.4774008,1509237494.4102767
energy pipelines and gas processing 352T353,0.0,0.0,0.0,0.0,0.0,93238727.3593899,92883412.77407055,107163067.24080822,117184975.57997558,134573705.47167358,137069127.75156224,137851822.8442751,146877731.23351616,158224097.8121596,160003846.8213605,162567721.7800973,160679602.60360947,157343539.07866356,151695235.97877544,147919511.25542575,146378535.54789576,146223440.98462382,146350644.84336925,144548470.70856622,145207749.77284446,144503867.3788737,143024718.9813421,142886732.58987638,143700314.33957553,144392859.5659784,145180773.87364537,145669216.4171786,144698014.29018235,144098588.76098186,144810171.05862293,146426411.24355778
water and waste 36T39,0.0,0.0,0.0,0.0,0.0,0.0,0.0,0.0,0.0,0.0,0.0,0.0,0.0,0.0,0.0,0.0,0.0,0.0,0.0,0.0,0.0,0.0,0.0,0.0,0.0,0.0,0.0,0.0,0.0,0.0,0.0,0.0,0.0,0.0,0.0,0.0
construction 41T43,0.0,0.0,0.0,0.0,0.0,0.0,0.0,0.0,0.0,0.0,0.0,0.0,0.0,0.0,0.0,0.0,0.0,0.0,0.0,0.0,0.0,0.0,0.0,0.0,0.0,0.0,0.0,0.0,0.0,0.0,0.0,0.0,0.0,0.0,0.0,0.0
