Unit: BTU,2024.0,2025.0,2026.0,2027.0,2028.0,2029.0,2030.0,2031.0,2032.0,2033.0,2034.0,2035.0,2036.0,2037.0,2038.0,2039.0,2040.0,2041.0,2042.0,2043.0,2044.0,2045.0,2046.0,2047.0,2048.0,2049.0,2050.0
agriculture and forestry 01T03,1236250000000.0,1171490000000.0,1171650000000.0,1191320000000.0,1215180000000.0,1232390000000.0,1245950000000.0,1261320000000.0,1305750000000.0,1303450000000.0,1314950000000.0,1327610000000.0,1339650000000.0,1361130000000.0,1382890000000.0,1402010000000.0,1416160000000.0,1422960000000.0,1432100000000.0,1441170000000.0,1452020000000.0,1465080000000.0,1478960000000.0,1492860000000.0,1506960000000.0,1521020000000.0,1535300000000.0
coal mining 05,0.0,0.0,0.0,0.0,0.0,0.0,0.0,0.0,0.0,0.0,0.0,0.0,0.0,0.0,0.0,0.0,0.0,0.0,0.0,0.0,0.0,0.0,0.0,0.0,0.0,0.0,0.0
oil and gas extraction 06,120000000000.0,119644000000.0,124106000000.0,124205000000.0,125070000000.0,125803000000.0,127271000000.0,128611000000.0,129737000000.0,130636000000.0,131673000000.0,132101000000.0,132570000000.0,133081000000.0,133541000000.0,134087000000.0,134978000000.0,136007000000.0,136666000000.0,137362000000.0,137838000000.0,138228000000.0,138631000000.0,139137000000.0,139449000000.0,139639000000.0,139728000000.0
other mining and quarrying 07T08,0.0,0.0,0.0,0.0,0.0,0.0,0.0,0.0,0.0,0.0,0.0,0.0,0.0,0.0,0.0,0.0,0.0,0.0,0.0,0.0,0.0,0.0,0.0,0.0,0.0,0.0,0.0
food beverage and tobacco 10T12,12940400000000.0,12655700000000.0,12483100000000.0,12534800000000.0,12567900000000.0,12551000000000.0,12464200000000.0,12407800000000.0,12373100000000.0,12242300000000.0,12133000000000.0,11975400000000.0,11813800000000.0,11641900000000.0,11489900000000.0,11345400000000.0,11235900000000.0,11150800000000.0,11134600000000.0,11130200000000.0,11130400000000.0,11114900000000.0,11069500000000.0,11023100000000.0,10979800000000.0,10942400000000.0,10908600000000.0
textiles apparel and leather 13T15,390766000000.0,390766000000.0,390766000000.0,390766000000.0,390766000000.0,390766000000.0,390766000000.0,390766000000.0,390766000000.0,390766000000.0,390766000000.0,390766000000.0,390766000000.0,390766000000.0,390766000000.0,390766000000.0,390766000000.0,390766000000.0,390766000000.0,390766000000.0,390766000000.0,390766000000.0,390766000000.0,390766000000.0,390766000000.0,390766000000.0,390766000000.0
wood products 16,3048180000000.0,2998090000000.0,2971340000000.0,2983220000000.0,2987500000000.0,3009060000000.0,3007130000000.0,2984380000000.0,2986590000000.0,2998380000000.0,3005930000000.0,2996550000000.0,2983700000000.0,2967630000000.0,2948530000000.0,2931880000000.0,2915910000000.0,2908640000000.0,2906910000000.0,2902820000000.0,2898630000000.0,2905710000000.0,2911050000000.0,2914270000000.0,2916820000000.0,2917970000000.0,2919900000000.0
pulp paper and printing 17T18,38155000000000.0,36367600000000.0,36375100000000.0,37429800000000.0,37511600000000.0,37521400000000.0,37218800000000.0,36908600000000.0,36616200000000.0,36277100000000.0,35932800000000.0,35593900000000.0,35257000000000.0,34826300000000.0,34567200000000.0,34371900000000.0,34251300000000.0,34068200000000.0,33916600000000.0,33792700000000.0,33685100000000.0,33591000000000.0,33361500000000.0,33143800000000.0,32867000000000.0,32618300000000.0,32346300000000.0
refined petroleum and coke 19,1602560000000.0,1602560000000.0,1602560000000.0,1602560000000.0,1602560000000.0,1602560000000.0,1602560000000.0,1602560000000.0,1602560000000.0,1602560000000.0,1602560000000.0,1602560000000.0,1602560000000.0,1602560000000.0,1602560000000.0,1602560000000.0,1602560000000.0,1602560000000.0,1602560000000.0,1602560000000.0,1602560000000.0,1602560000000.0,1602560000000.0,1602560000000.0,1602560000000.0,1602560000000.0,1602560000000.0
chemicals 20,44973400000000.0,45577700000000.0,44268900000000.0,43722700000000.0,43785900000000.0,43343600000000.0,43428100000000.0,43778000000000.0,44024300000000.0,44224400000000.0,44535900000000.0,44777800000000.0,45017700000000.0,45073200000000.0,45225500000000.0,45644900000000.0,46093800000000.0,46659100000000.0,47486100000000.0,48301700000000.0,49180600000000.0,50111600000000.0,50998200000000.0,51913900000000.0,52754600000000.0,53469500000000.0,54363200000000.0
rubber and plastic products 22,487329000000.0,468639000000.0,464023000000.0,472017000000.0,475287000000.0,476202000000.0,475712000000.0,477080000000.0,479817000000.0,476331000000.0,476166000000.0,474970000000.0,474279000000.0,474113000000.0,474019000000.0,473321000000.0,474610000000.0,477260000000.0,484045000000.0,491118000000.0,498514000000.0,505666000000.0,510240000000.0,514151000000.0,517068000000.0,521922000000.0,527367000000.0
glass and glass products 231,671291000000.0,655019000000.0,647743000000.0,637335000000.0,624801000000.0,612464000000.0,600702000000.0,589592000000.0,579881000000.0,571461000000.0,564440000000.0,558044000000.0,551483000000.0,544999000000.0,538674000000.0,533033000000.0,527679000000.0,522855000000.0,518402000000.0,514601000000.0,511081000000.0,507778000000.0,504781000000.0,502022000000.0,499524000000.0,496891000000.0,494515000000.0
cement and other nonmetallic minerals 239,10331400000000.0,10377300000000.0,10138400000000.0,10441200000000.0,10893800000000.0,11344600000000.0,11730900000000.0,12277300000000.0,12767400000000.0,13233900000000.0,13684500000000.0,14121000000000.0,14534400000000.0,14947700000000.0,15351400000000.0,15757500000000.0,16033400000000.0,16301400000000.0,16518000000000.0,16500100000000.0,16459800000000.0,16570700000000.0,16713500000000.0,16876500000000.0,17056700000000.0,17244900000000.0,17447000000000.0
iron and steel 241,1314810000000.0,1350590000000.0,1364930000000.0,1398930000000.0,1376580000000.0,1370510000000.0,1378620000000.0,1380510000000.0,1389430000000.0,1395170000000.0,1388960000000.0,1389190000000.0,1382470000000.0,1379240000000.0,1372870000000.0,1365350000000.0,1365190000000.0,1367650000000.0,1370930000000.0,1371910000000.0,1373270000000.0,1382200000000.0,1386480000000.0,1394700000000.0,1400430000000.0,1400010000000.0,1404730000000.0
other metals 242,860000000000.0,842843000000.0,840043000000.0,848206000000.0,855682000000.0,860544000000.0,863979000000.0,868235000000.0,874385000000.0,880673000000.0,888612000000.0,898159000000.0,907653000000.0,916757000000.0,926036000000.0,934696000000.0,944109000000.0,954167000000.0,964863000000.0,975589000000.0,985937000000.0,995513000000.0,1004000000000.0,1011720000000.0,1018590000000.0,1024750000000.0,1030660000000.0
metal products except machinery and vehicles 25,3650510000000.0,3577670000000.0,3658880000000.0,3697080000000.0,3649780000000.0,3616020000000.0,3597870000000.0,3581710000000.0,3608640000000.0,3608480000000.0,3633260000000.0,3652620000000.0,3663540000000.0,3676380000000.0,3697870000000.0,3706950000000.0,3727810000000.0,3750210000000.0,3785460000000.0,3824200000000.0,3878160000000.0,3929480000000.0,3971700000000.0,3993660000000.0,4005310000000.0,4044250000000.0,4081600000000.0
computers and electronics 26,385395000000.0,371938000000.0,378917000000.0,384262000000.0,384631000000.0,385579000000.0,382472000000.0,378969000000.0,382551000000.0,379575000000.0,382682000000.0,383815000000.0,384789000000.0,386132000000.0,388028000000.0,390582000000.0,393953000000.0,398272000000.0,406567000000.0,415863000000.0,426133000000.0,435850000000.0,444435000000.0,452072000000.0,459551000000.0,467609000000.0,475219000000.0
appliances and electrical equipment 27,294839000000.0,283954000000.0,282180000000.0,279525000000.0,274470000000.0,272229000000.0,275083000000.0,277098000000.0,280499000000.0,279899000000.0,279752000000.0,280512000000.0,280726000000.0,280699000000.0,280352000000.0,280126000000.0,280499000000.0,280913000000.0,282113000000.0,283260000000.0,284461000000.0,285808000000.0,287449000000.0,288983000000.0,290210000000.0,291264000000.0,291998000000.0
other machinery 28,356442000000.0,333893000000.0,328518000000.0,335388000000.0,340514000000.0,345666000000.0,349258000000.0,354817000000.0,360873000000.0,360362000000.0,362735000000.0,366445000000.0,369237000000.0,370850000000.0,371269000000.0,371099000000.0,372397000000.0,373813000000.0,375727000000.0,377208000000.0,378716000000.0,380669000000.0,382990000000.0,385507000000.0,387119000000.0,388233000000.0,388863000000.0
road vehicles 29,62149400000.0,62149400000.0,62149400000.0,62149400000.0,62149400000.0,62149400000.0,62149400000.0,62149400000.0,62149400000.0,62149400000.0,62149400000.0,62149400000.0,62149400000.0,62149400000.0,62149400000.0,62149400000.0,62149400000.0,62149400000.0,62149400000.0,62149400000.0,62149400000.0,62149400000.0,62149400000.0,62149400000.0,62149400000.0,62149400000.0,62149400000.0
nonroad vehicles 30,194629000000.0,194629000000.0,194629000000.0,194629000000.0,194629000000.0,194629000000.0,194629000000.0,194629000000.0,194629000000.0,194629000000.0,194629000000.0,194629000000.0,194629000000.0,194629000000.0,194629000000.0,194629000000.0,194629000000.0,194629000000.0,194629000000.0,194629000000.0,194629000000.0,194629000000.0,194629000000.0,194629000000.0,194629000000.0,194629000000.0,194629000000.0
other manufacturing 31T33,811337000000.0,773100000000.0,767817000000.0,769677000000.0,761692000000.0,755004000000.0,751978000000.0,749136000000.0,745456000000.0,734766000000.0,725939000000.0,716652000000.0,706501000000.0,697164000000.0,689222000000.0,680379000000.0,675316000000.0,672131000000.0,672142000000.0,672751000000.0,674088000000.0,675758000000.0,674718000000.0,673078000000.0,669979000000.0,669754000000.0,667998000000.0
energy pipelines and gas processing 352T353,17449000000000.0,17449000000000.0,16736300000000.0,17878700000000.0,18384300000000.0,19137400000000.0,21376900000000.0,22488500000000.0,23456400000000.0,24128400000000.0,25238300000000.0,26108700000000.0,26959400000000.0,27611500000000.0,28213000000000.0,28855500000000.0,29374000000000.0,29886600000000.0,30410800000000.0,30947800000000.0,31455900000000.0,31813400000000.0,32220700000000.0,32627000000000.0,32919900000000.0,32926400000000.0,32998800000000.0
water and waste 36T39,1060000000000.0,1064980000000.0,1069970000000.0,1074950000000.0,1079940000000.0,1084920000000.0,1089910000000.0,1093830000000.0,1097760000000.0,1101680000000.0,1105600000000.0,1109530000000.0,1113450000000.0,1117380000000.0,1121300000000.0,1125230000000.0,1129150000000.0,1132100000000.0,1135050000000.0,1138000000000.0,1140960000000.0,1143910000000.0,1146860000000.0,1149810000000.0,1152760000000.0,1155710000000.0,1158660000000.0
construction 41T43,8373300000000.0,8214990000000.0,8158990000000.0,8194910000000.0,8230370000000.0,8323630000000.0,8420200000000.0,8510820000000.0,8600920000000.0,8636640000000.0,8642260000000.0,8662930000000.0,8671390000000.0,8658860000000.0,8637160000000.0,8608800000000.0,8566690000000.0,8518700000000.0,8501970000000.0,8482070000000.0,8473420000000.0,8496740000000.0,8523150000000.0,8544790000000.0,8567850000000.0,8600080000000.0,8643490000000.0
